date value; data op; montant; label
2012-02-19;2012-02-21;-101.1  ; B
2012-02-20;2012-02-22;-102.2  ; C
2012-02-18;2012-02-20;-100.0  ; A
2012-03-19;2012-03-21;101.1 ; W
2012-04-20;2012-04-22;102.2 ; X
2012-05-21;2012-05-23;103.3 ; Y
2012-06-22;2012-06-24;104.4 ; Z
2012-02-21;2012-02-23;-103.3  ; D
2012-02-22;2012-02-24;-104.4  ; E
2012-03-18;2012-03-20;100.0 ; V
2012-02-01;2012-02-01;-10.4  ; F
