date op	label	credit	debit
2012-02-23	D		103.3
2012-02-24	E		104.4
2012-03-20	V	100.0	
2012-02-01	F		10.4
2012-02-20	A		100.0
2012-02-21	B		101.1
2012-02-22	C		102.2
2012-03-21	W	101.1	
2012-04-22	X	102.2	
2012-05-23	Y	103.3
2012-06-24	Z	104.4
