data op, date value, label, credit, debit
2012-02-22, 2012-02-20, C,,102.2
2012-02-20, 2012-02-18, A,,100.0
2012-02-21, 2012-02-19, B,,101.1
2012-02-23, 2012-02-21, D,,103.3
2012-03-21, 2012-03-19, W,101.1,
2012-04-22, 2012-04-20, X,102.2,
2012-05-23, 2012-05-21, Y,103.3
2012-06-24, 2012-06-22, Z,104.4
2012-02-24, 2012-02-22, E,,104.4
2012-03-20, 2012-03-18, V,100.0,
2012-02-01, 2012-02-01, F,,10.4

